<?xml version="1.0" encoding="UTF-8"?>
<Contest xmlns="http://www.ncc.up.pt/mooshak/"
         Close=""
         Designation="FGPE course prototype"
         Email="jose.c.paiva@inesctec.pt"
         Fatal=""
         HideListings=""
         Incremental="no"
         Notes=""
         Open="1590879600"
         Organizes="José Carlos Paiva"
         Policy="ICPC"
         PublicScoreboard="no"
         Register="yes"
         Resources=""
         Service="BOTH"
         Start="1590966000"
         Status="RUNNING"
         Stop=""
         TransactionLimit=""
         TransactionLimitTime=""
         Type=""
         Virtual="no"
         Warning=""
         challenge="PROBLEMS"
         evaluator="TEACHER"
         gui="ICPC"
         quiz="">
   <Users xml:id="users"/>
   <Balloons List-Pending="" xml:id="balloons"/>
   <Printouts Active=""
              Config=""
              List-Pending=""
              NextTransactionReset=""
              Printer=""
              Template=""
              TransactionLimit=""
              TransactionLimitTime=""
              xml:id="printouts"/>
   <Problems Fatal="" Presents="" Warning="" xml:id="problems"/>
   <Groups Certificate_language=""
           Config=""
           Fatal=""
           Password_template=""
           Person_template=""
           Printer=""
           Team_template=""
           Warning=""
           xml:id="groups">
      <Group Acronym="DFLT"
             Authentication="BASIC"
             Basic=""
             Color="#FFFFFF"
             Designation="Default"
             Fatal=""
             Flag="00"
             LDAP=""
             Warning=""
             xml:id="groups.default"/>
   </Groups>
   <Languages CompTimeout="60"
              ExecTimeout="5"
              Fatal=""
              MaxCompFork="10"
              MaxCore="0"
              MaxData="20971520"
              MaxExecFork="0"
              MaxOutput="512000"
              MaxProg="102400"
              MaxStack="20971520"
              MaxUID="60000"
              MinUID="30000"
              RealTimeout="60"
              UseSafeExec=""
              Warning=""
              xml:id="languages">
      <Language Compile="/usr/bin/g++ -lm $file"
                Compiler="G++"
                Configuation=""
                Data=""
                EditFileContents=""
                Execute="a.out"
                Extension="cpp"
                Fatal=""
                Fork=""
                Name="C++"
                Omit=""
                UID=""
                Version=""
                Warning=""
                xml:id="languages.CPP"/>
      <Language Compile="/bin/sh $home/scripts/concat.sh $home/scripts/stdin-out.js $file $name-ext.js"
                Compiler="NodeJS"
                Configuation=""
                Data="6147483647"
                EditFileContents=""
                Execute="/usr/local/bin/node $name-ext.js"
                Extension="js"
                Fatal=""
                Fork="100"
                Name="JavaScript"
                Omit=""
                UID=""
                Version="14.7.0"
                Warning=""
                xml:id="languages.JavaScript"/>
      <Language Compile="/usr/bin/gcc -lm $file"
                Compiler="GCC"
                Configuation=""
                Data=""
                EditFileContents=""
                Execute="a.out"
                Extension="c"
                Fatal=""
                Fork=""
                Name="C"
                Omit=""
                UID=""
                Version=""
                Warning=""
                xml:id="languages.C"/>
      <Language Compile="/usr/local/openjdk-8/bin/javac $file"
                Compiler="jdk"
                Configuation=""
                Data="6147483647"
                EditFileContents=""
                Execute="/usr/local/openjdk-8/bin/java -classpath . $name"
                Extension="java"
                Fatal=""
                Fork="100"
                Name="Java"
                Omit=""
                UID=""
                Version="1.8.0_252"
                Warning=""
                xml:id="languages.Java"/>
      <Language Compile="/usr/local/bin/python3 -m py_compile $file"
                Compiler="python"
                Configuation=""
                Data="10000000"
                EditFileContents=""
                Execute="/usr/local/bin/python3 $file"
                Extension="py"
                Fatal=""
                Fork="100"
                Name="Python 3"
                Omit=""
                UID=""
                Version="3.6.9"
                Warning=""
                xml:id="languages.Python"/>
   </Languages>
   <Submissions Accept_duplicates="yes"
                Default_state=""
                Fatal=""
                Feedback_delay=""
                Give_feedback="all"
                Maximum_pending=""
                Minimum_interval=""
                Multiple_accepts="yes"
                NextTransactionReset=""
                Replace_existing=""
                Run_all_tests=""
                Show_errors="{Presentation Error} {Wrong Answer} {Output Limit Exceeded} {Memory Limit Exceeded} {Time Limit Exceeded} {Invalid Function} {Runtime Error} {Compile Time Error} {Invalid Submission} {Program Size Exceeded} {Requires Reevaluation}"
                Show_own_code="yes"
                TransactionLimit=""
                TransactionLimitTime=""
                Warning=""
                xml:id="submissions"/>
   <Submissions Accept_duplicates=""
                Default_state=""
                Fatal=""
                Feedback_delay=""
                Give_feedback=""
                Maximum_pending=""
                Minimum_interval=""
                Multiple_accepts=""
                NextTransactionReset=""
                Replace_existing=""
                Run_all_tests=""
                Show_errors=""
                Show_own_code=""
                TransactionLimit=""
                TransactionLimitTime=""
                Warning=""
                xml:id="validations"/>
   <Questions Active=""
              Forward=""
              NextTransactionReset=""
              TransactionLimit=""
              TransactionLimitTime=""
              xml:id="questions"/>
   <Tournaments Fatal="" Warning="" xml:id="tournaments"/>
</Contest>
